Size	Bedrooms	Bathrooms	YearBuilt	DistanceToCityCenter	CrimeRate	SchoolRating	Amenities	Price
1360	2	1	1981	1.642102789	3.521687436	4	1	300681.9821
4272	3	3	2016	28.40831147	8.176117106	3	3	635971.0875
3592	1	2	2016	21.20219087	4.720608128	6	1	427184.1075
966	1	2	1977	15.37540876	0.859555986	1	3	151214.6347
4926	2	1	1993	28.0606898	1.743919963	6	9	669276.8672
3944	5	3	1990	13.73377139	0.704936209	2	6	723380.3779
3671	1	2	2012	29.43263154	5.043099166	9	8	574733.4856
3419	1	1	1972	15.85625796	1.152739244	2	7	408207.8657
630	3	3	1997	4.31428733	1.229985696	7	8	409867.6301
2185	4	2	1981	23.1792282	9.416377774	1	7	429129.6871
1269	2	2	2006	20.68803403	8.739285215	7	1	206493.3707
2891	2	3	1982	23.41661492	4.575657308	5	6	450887.7854
2933	5	3	1973	28.59181883	9.859472676	8	1	545201.2753
1684	5	3	1988	23.51818978	0.101846629	4	1	523046.687
3885	2	3	1983	18.72876146	6.178396617	10	3	608312.1463
4617	5	1	2005	25.86195817	6.202638956	7	0	701552.2658
3404	3	3	1977	20.52414674	4.628686253	6	4	486115.7051
974	2	2	1986	12.83545265	4.029784932	5	5	169734.7534
1582	5	2	1956	26.68297316	4.608293041	4	8	420309.7195
3058	2	1	2017	7.435113363	4.208108317	7	9	473028.5978
2547	4	2	1986	21.72459697	7.331875527	5	7	515897.7518
3247	1	2	2005	26.56534019	1.440018806	5	1	329212.2123
1475	2	3	2014	22.20817907	2.056628284	1	0	363448.0603
2306	1	2	2014	21.22098715	1.887130461	2	1	337915.5779
689	5	1	1996	22.82651053	2.698458793	5	6	347713.9395
3234	1	3	1969	14.4866022	5.300058346	3	3	483079.4507
3505	2	3	1968	26.35094978	1.200966599	2	9	539214.1642
2399	4	1	1978	6.899657779	8.694876024	4	4	403876.1424
1767	5	3	2009	4.694206064	3.04387916	4	6	551971.0076
2028	2	3	1967	9.279754623	1.709126076	4	2	261481.1454
3702	5	1	1984	16.41574451	6.788650965	4	9	682634.7717
4056	3	3	1992	15.80629207	0.477054376	3	1	600804.5601
4390	1	1	1960	24.79736397	6.237688792	7	6	376355.5858
1146	3	1	1998	12.73249104	7.012164464	9	4	259982.2671
3388	2	2	1987	15.04598836	2.227673661	5	0	515115.2574
2935	4	2	2013	1.387662815	0.515444327	4	0	658837.5885
1100	5	3	2018	12.88243786	3.700089053	2	8	461755.955
2863	1	3	1957	19.78545276	1.076082879	2	4	306246.113
2561	5	1	1983	1.449741588	1.253130712	5	0	465897.3788
741	2	3	1997	9.14557699	2.617186191	7	6	377453.646
2541	5	1	2005	7.030734419	3.025132454	10	8	649386.2578
3324	1	1	2014	2.217577438	5.346706376	10	0	455724.3322
3112	2	3	1980	14.89854261	6.816079666	9	9	500908.9271
1863	5	1	1953	6.269975504	5.968432315	7	3	472509.3693
1978	4	2	1999	22.54936465	1.568767339	5	2	473073.3587
3056	2	3	2018	25.58990863	1.803651721	10	4	505572.7035
1275	2	2	1979	16.8219703	8.799815573	10	6	238738.357
4514	4	3	2008	29.46951293	5.627687919	10	7	719727.3998
534	3	1	2016	14.06387857	8.712384546	6	1	196299.0911
3652	1	3	1994	15.8876781	3.778310462	3	6	451043.8188
2455	3	2	1953	29.68731486	6.182560074	5	0	426117.1708
2085	5	1	1975	7.714904643	5.284267819	8	6	483459.8205
4443	4	3	1976	28.33383225	3.259322549	1	7	596852.4004
3573	3	3	1995	2.242289098	4.752162183	1	1	496379.7388
1521	2	3	2013	13.94521982	5.074659681	7	8	379637.6819
3961	5	2	2000	3.030101852	2.08763265	5	0	625495.4269
3113	5	2	1999	22.14780754	3.218602687	5	5	608905.3358
4343	3	3	1955	18.64385914	7.93495653	1	0	472527.024
2000	3	1	2008	21.49239364	9.166303571	9	2	434114.2132
661	4	1	1964	11.8599316	3.661961526	1	5	235898.4466
4797	1	2	1979	11.71497609	3.139025594	5	2	672626.0999
2481	3	1	1991	2.31425909	2.032451929	10	7	504899.1932
1495	3	2	1986	11.14840325	6.81706257	9	4	219530.689
3842	2	3	1991	27.94936367	3.298687046	4	1	587691.8975
4298	5	2	1984	11.99756958	9.878720437	8	3	747507.4166
1775	1	2	1955	25.10966348	3.32427954	6	8	285504.6693
1516	2	3	2017	25.42743964	4.001946863	3	3	259606.2069
837	4	1	1967	11.82399353	6.073008542	4	9	286544.5674
1378	4	2	2022	19.32767173	8.036674503	2	9	392284.3278
1576	3	2	1978	3.765776466	4.748234787	1	7	324436.2423
4493	3	3	2008	4.006678841	4.284294735	8	4	658147.0274
879	4	1	1996	2.411072246	9.956814553	1	9	429728.3852
992	3	2	1966	17.84943771	0.203887047	1	0	267273.1512
2562	1	3	1971	13.35605835	8.96114636	4	6	363711.3539
4384	3	2	2017	16.89293834	1.576494177	10	2	776425.9335
564	5	3	2018	16.11112252	7.880660234	10	9	496984.0643
3068	3	1	1986	11.15588674	6.217522442	6	7	457540.4703
2527	2	1	1998	20.64672903	3.484288126	9	2	461474.2392
3195	1	1	1962	22.99655455	8.75136206	1	0	301360.8809
1995	2	1	1983	1.424219507	0.227781557	7	4	343548.3623
891	2	2	2002	7.010026693	2.344237456	10	1	346859.4927
4974	5	2	2000	21.68384017	5.712238683	5	3	765442.6246
4061	1	1	1952	12.21198501	3.580268374	8	0	463198.5981
2778	1	1	1991	20.21203446	6.142737204	7	8	394644.7684
3599	1	1	1981	11.06191713	0.338690915	4	5	507507.5962
700	1	2	2000	12.33189942	1.252943412	4	7	168771.6848
3604	1	1	1995	5.601687337	1.358252778	6	3	487653.4705
2954	5	1	1970	8.48869957	1.973908095	6	8	696339.3717
4145	3	1	1993	18.55694097	4.647381264	9	1	590346.8369
1304	2	3	1960	13.56173023	7.546074125	5	8	292374.0078
3231	1	1	2017	23.45477781	9.064834495	8	4	505577.7956
3273	3	3	1950	25.72496369	8.37018805	5	5	507873.006
2070	3	3	2012	16.70774613	2.049189931	2	2	348639.5441
3190	2	1	1973	22.98975147	4.467390467	6	3	365909.6621
4340	5	3	1962	9.900230883	2.074174818	9	5	832307.6249
1528	4	1	1960	13.03416525	2.718270985	3	6	361290.56
1002	4	2	2000	21.67055261	5.085115117	1	0	286562.3125
4993	3	2	1966	12.20014779	0.774279345	1	6	772089.5169
1370	2	2	1973	18.06664312	2.259925863	3	0	198692.7266
4988	4	2	1968	6.375810593	9.360243797	10	4	760526.4687
706	3	3	1986	18.39336813	4.714551297	5	5	190084.9968
1984	5	1	1957	25.98389751	4.509326607	3	1	430918.5664
1363	4	1	1977	26.19054955	0.244214832	9	9	361755.2117
3290	3	1	1954	22.00598778	2.549257496	8	8	556098.5754
1063	3	2	1966	22.62684799	8.676295116	3	9	293266.335
4691	1	2	1985	17.17989591	1.72982144	9	5	730546.0639
2257	5	1	1968	17.95537461	4.209736901	6	6	516204.3451
2178	1	2	2013	4.875866861	0.241875968	7	9	404034.5552
3742	2	1	1960	13.87191646	4.835521269	4	7	486959.7087
1559	1	1	2003	14.07251223	0.308108957	4	9	233251.7884
2222	1	1	1994	28.79643723	8.214134575	2	0	210494.4615
3814	4	1	1996	13.50151902	8.266052298	5	7	591021.5752
3657	3	1	1961	16.9309367	7.898647664	8	3	501827.9658
3125	5	1	1970	16.46429058	2.905304282	7	9	562126.573
3229	1	1	1960	19.46608979	8.38864846	7	7	379046.8811
2097	5	2	1954	22.69875211	5.475681513	6	5	504135.5895
3560	1	1	2005	7.526214409	3.800700278	3	8	371339.2301
3193	2	1	1969	16.33300815	6.290766601	5	3	361750.518
4127	1	2	1990	24.95161351	0.222176356	1	1	462088.2497
1863	4	2	1995	14.4303267	1.515312688	7	1	339496.9511
2481	3	2	1961	9.075268845	7.448706028	9	4	537719.1539
2163	2	1	2019	19.98656319	2.517199926	1	9	309185.3333
2029	1	3	1966	24.88925448	6.020290262	2	8	219115.6638
2538	5	3	1968	2.831068495	3.912515768	3	2	543208.1704
3802	2	2	1975	23.52692402	8.56257721	3	7	474201.9079
2737	2	3	1997	24.82779006	9.528911529	8	3	397576.2173
1806	1	2	2001	14.3841649	8.847290811	7	5	339615.8994
4529	2	1	2019	29.51586405	2.779137947	6	9	630957.9091
3175	5	3	2004	23.81454188	2.022212404	10	5	663897.7595
1782	2	1	1982	23.43621438	4.796905447	10	2	280222.7882
1209	5	3	2011	22.68731866	0.172608093	4	4	386823.8374
4913	1	1	1972	5.367634993	0.355512989	9	2	545120.1203
4248	3	3	1964	7.299695707	5.577577332	1	0	592692.6383
1163	2	1	1976	14.45571381	5.252449101	2	6	152783.0991
2498	3	1	2013	8.656126149	9.946361691	4	3	497970.1619
3945	5	3	2000	13.0419882	2.09823417	3	6	738471.0128
4243	2	1	2002	26.76545919	2.655228899	1	2	418851.7659
1995	4	1	2000	24.90547986	1.224052359	5	4	363401.4142
3804	3	1	1996	19.27115648	9.183675796	7	4	591587.7928
4263	2	3	1953	25.88549143	7.80033132	2	1	476701.6804
2353	3	3	1956	23.72939928	8.241157203	5	9	464235.1567
1791	2	1	1984	13.44056302	9.037361501	6	1	244707.6674
4081	1	1	1997	6.830889409	5.296509869	7	3	478944.0672
3957	3	3	2022	15.91183016	4.566812595	1	3	661014.6453
2136	4	3	2021	22.35063759	3.370875589	7	3	482115.478
4196	4	1	1994	13.65616836	5.933224682	4	5	653074.2465
3499	5	1	2021	20.33638538	4.597356128	8	1	638651.2681
3652	2	1	1968	3.735495362	4.570499307	4	5	518812.6834
1198	3	2	2012	22.69213735	9.375585851	6	6	407461.9954
2660	5	3	1987	24.56869498	9.841911991	9	9	587044.1659
4597	3	2	2016	21.49829782	7.985195454	5	2	612420.3202
1354	2	3	2008	29.05064404	7.591905093	4	7	322629.6059
3974	4	3	2018	24.97290967	6.837525802	8	1	629166.3719
2207	1	3	1962	27.18971811	1.744141038	9	7	442423.1315
3277	4	3	1996	28.07356142	0.685147627	4	4	663428.2665
2233	5	3	2010	24.23909176	6.93819052	3	1	452174.8819
4010	1	3	1980	20.55350642	7.3149836	8	6	451161.8282
702	5	3	1971	1.165838859	0.565032612	5	1	350014.3016
3755	2	2	1992	14.50894684	9.287712327	2	5	416775.0627
4718	1	1	2016	17.56370666	1.002292331	10	9	689749.1532
4996	5	1	2003	9.816877901	2.930415284	9	2	902772.6836
1266	2	2	1959	10.22502896	6.756659147	3	8	277872.957
4889	4	2	1991	28.87362306	1.781738685	2	2	668434.4496
2827	2	2	2013	26.85961509	0.648617296	1	2	412862.6067
3431	3	2	1970	25.62619116	3.378350243	8	4	488466.9648
697	2	3	2015	12.77434225	7.683118591	3	6	302596.1248
2430	2	1	1990	1.397257962	4.195418922	7	7	442829.8365
4082	3	3	1973	3.326445147	6.564431927	1	6	637384.8392
1108	5	1	1984	10.05369468	5.838229063	1	8	316124.6802
3772	5	1	2005	1.456544477	0.319962972	9	4	736257.2368
1647	2	2	1979	1.497343676	9.886545872	8	9	389526.2403
4782	3	3	2006	27.58149575	0.510138079	3	2	755661.9631
3897	3	2	1996	21.47859656	9.681247103	6	5	535931.5834
3011	4	3	1984	9.959723712	5.543655366	3	4	593484.8711
2294	5	1	1968	4.84669275	9.635274368	4	3	415926.6528
1159	1	2	1957	15.83743582	1.236060634	1	1	242904.5138
3311	5	2	1975	1.155038665	4.95504434	5	6	625273.4656
1869	5	1	2020	28.21399857	1.778090509	1	4	460756.809
2486	4	1	1979	13.02963846	0.604651283	1	3	438797.9474
646	1	1	1956	12.6677137	6.213538239	10	7	286462.0375
3719	4	2	2016	12.32721462	2.157055868	7	8	710955.3718
3411	1	3	2014	3.010521581	5.918200481	6	8	510735.1533
2234	2	2	1985	19.51134495	1.212408371	2	2	362290.5939
2343	1	3	1974	22.25710497	3.386666067	2	2	324714.5031
988	4	2	1986	20.60763653	7.838162325	7	4	323520.4221
3476	5	2	1950	5.014629307	4.426810066	1	4	527698.3978
2459	1	1	1964	17.78636487	6.314679607	2	9	238353.9291
2885	1	3	1986	17.51505004	6.509833613	8	1	452995.6793
3419	3	2	1962	26.18391285	8.453174935	6	0	368893.8523
2302	5	2	1957	11.99470209	3.316735665	2	7	476224.6225
4561	2	1	1954	11.77309237	6.90422607	7	2	588775.881
3869	4	1	2009	18.9372847	9.61999649	4	0	552250.6372
762	2	3	2022	19.35910695	7.32940901	2	0	318520.248
1123	5	2	1950	14.60927159	4.94971772	6	1	273100.3562
1516	1	3	1985	13.84872151	6.3441027	9	5	261113.65
4143	1	2	1984	15.33028245	7.422860688	9	5	416793.4416
2549	5	3	2015	25.97031369	6.16153008	8	2	693836.2506
4223	1	1	2012	14.37384014	0.265090554	3	3	458977.5094
3608	1	2	1972	28.25802197	2.028257627	3	1	288796.6023
4590	1	3	1958	15.61610914	8.12363535	2	1	456553.6392
2556	4	1	1983	28.5268201	2.799241408	5	6	384909.6973
3670	4	1	1995	25.15212515	7.342464984	4	0	491744.1803
2182	3	3	1953	11.51050836	3.783990131	7	6	448320.4952
2755	2	2	1979	26.04560122	5.266654849	4	0	393321.5785
1654	5	2	2021	4.191835242	0.772935668	9	5	567418.2042
4999	5	1	1952	27.82636808	1.894133054	2	2	675041.1335
3691	5	2	1963	19.31766194	9.576249939	6	7	598503.6653
2196	3	2	2009	2.577331707	8.912366729	7	5	385298.5916
4491	4	2	1994	19.68344499	6.557523598	4	1	560618.4799
2148	3	1	1983	29.25318197	4.650481514	6	7	349816.9395
1945	5	3	1994	3.024218984	6.7900368	7	4	559733.367
4699	2	2	2010	17.08594358	6.224241862	4	7	604676.1775
4423	1	1	1965	22.68603614	5.72866733	8	7	414818.2414
753	4	1	2015	24.49749901	0.685853011	9	5	369945.7416
3683	4	3	1989	13.00099649	6.364745846	1	1	662939.5219
3057	3	2	1966	6.920830216	7.712308441	7	7	505564.4717
598	4	2	1983	2.227926084	9.941408381	9	5	311660.577
2700	5	3	1965	17.81205856	0.209677671	10	5	637302.7925
3461	5	3	2009	14.13442104	7.328717188	5	7	636968.5798
4933	3	1	2015	28.51358746	5.760714228	2	0	541024.2975
4277	5	1	2015	2.757542324	4.397116543	10	1	799770.037
3369	2	3	1962	20.87646496	1.362944728	6	8	566848.4229
3734	3	2	2005	1.724020441	4.149942971	7	7	638847.3266
4291	2	1	1980	5.971591125	3.608334112	2	6	437426.8948
1456	1	1	1983	14.153791	3.098015901	2	6	209469.7848
4567	2	2	1988	14.19130084	7.335708271	10	4	740007.9655
660	1	1	2016	20.88531575	7.037182661	10	1	154848.547
4993	1	2	1957	27.39617801	5.931298901	1	5	484958.8607
1800	2	2	2004	19.53193261	9.392781652	4	9	276340.55
4487	3	2	1976	28.65251784	3.563558403	7	2	640644.8722
2027	5	3	2002	26.56685356	2.513639183	9	3	527448.9237
1718	5	3	1988	17.95049407	6.5934428	3	9	534006.8927
4996	1	3	2014	25.17996658	2.068259203	7	1	612019.7435
3604	1	2	1966	19.6347507	3.218604021	7	1	450127.0519
3235	3	2	1979	3.278177097	2.323564157	7	7	574008.6127
1454	4	3	2002	22.47637697	0.78462032	2	7	498279.7254
3946	2	1	1962	3.752344797	8.292237542	6	9	540108.092
1545	1	2	1970	18.22840064	2.619951375	2	5	276293.8078
2193	5	1	1968	21.37656597	4.782972283	6	4	463063.1817
3936	3	1	2002	2.929300638	0.528821205	10	7	670560.2777
1062	2	2	1968	7.693044964	7.023460716	3	3	203787.068
2985	3	2	2006	27.55449474	3.372553923	2	3	415957.7808
3854	2	1	1974	18.87312027	7.472893606	6	4	497872.7306
725	2	1	1980	8.142294546	4.182790299	2	0	107783.5424
1459	1	3	2004	21.02971336	2.037980503	5	0	270273.8228
3567	3	3	1972	18.30651618	5.180433315	2	1	550944.8994
1315	3	2	1981	15.5456953	1.39199514	3	7	405626.0792
3620	5	3	2011	29.30942227	4.461337683	3	6	677217.4712
516	5	3	1959	20.82015954	3.241324226	6	9	417813.4126
1743	1	3	2021	11.88779218	9.128399884	6	8	379976.8037
2705	1	3	2003	24.20212953	0.703194345	10	4	439460.9147
3024	4	1	2001	26.65291549	6.9707724	3	1	562630.4797
1569	5	2	1969	4.631396226	1.909236543	3	6	425278.9147
3944	2	3	1981	6.816036358	3.258546236	1	7	562024.9274
3065	3	1	1963	7.270583265	4.213589224	7	6	563596.875
1560	1	1	1999	21.04514247	9.089349385	8	6	305935.8803
2827	3	1	1977	18.4881471	2.501524834	2	4	407932.1015
3920	3	3	2002	18.95075538	1.003957145	4	1	662599.5409
801	4	3	1973	28.28242569	3.25502708	10	5	361061.3964
4776	5	2	1971	23.50143445	1.136292108	7	3	743481.726
1106	1	3	1979	4.710170811	1.373105211	8	9	254674.6787
3670	3	3	2012	11.07770539	5.78112092	1	1	596133.0529
1199	1	1	1953	13.62641574	0.702929138	4	8	220593.5694
1639	2	2	2008	12.48288607	0.406215726	6	6	343508.6844
690	4	3	1957	20.40994967	7.172699605	3	5	284721.6043
2800	2	3	1961	26.86489999	3.680306239	5	4	538418.0902
1480	1	1	1980	9.875492442	1.341215957	10	2	325877.0503
3475	1	1	1983	17.00443696	2.610766432	9	9	430363.0968
1684	5	3	1998	23.89287324	6.456656423	3	9	528409.0854
3827	3	2	2006	13.07032371	2.827812015	5	3	555577.2035
3894	3	2	1975	5.875425724	4.995759139	8	2	459909.4373
627	2	1	1967	14.77357799	1.304783537	6	7	194608.3192
2565	4	1	1987	2.601453102	5.922127012	4	2	543846.5317
2316	3	3	1999	28.32912017	3.22916907	8	6	554668.3123
1069	5	1	1957	3.169814951	6.306987502	3	6	361887.191
2395	2	3	1990	13.71524474	8.103109335	3	6	361467.4932
3233	2	2	1955	16.36655657	6.155299552	4	6	446112.8733
4363	5	2	2018	29.57381114	3.02790087	9	1	748554.8649
4514	4	3	1993	5.814632886	2.631862645	5	9	755928.6364
3401	5	1	2013	4.31851404	3.341467491	8	2	727855.7446
2186	4	2	1978	1.252478265	1.729743081	6	9	501144.5391
3509	5	1	1977	5.511571669	1.893601323	3	8	690770.6779
654	5	2	1960	7.010916393	7.927841909	8	2	319129.6596
3037	1	3	2014	19.28684731	3.908852507	9	1	574506.6406
1909	2	3	1968	7.371496921	4.416352288	8	8	327043.5227
4557	5	3	1958	1.595103627	5.981089709	4	9	734765.8776
1284	5	2	1976	24.97193202	5.937569602	6	8	403999.9012
3675	3	1	1983	11.60227533	0.767031028	1	3	406258.099
4841	2	1	1993	11.25720391	8.332253785	4	8	471375.0161
3306	3	1	2017	9.771891846	1.855532877	8	2	467008.1711
1037	2	2	1964	29.28582504	7.258409197	1	6	135231.8434
2341	3	2	2000	5.933347102	7.749442782	3	6	417150.5914
2955	5	2	1962	27.04890385	7.177505388	1	7	516164.6394
1024	5	2	1998	23.52729663	5.831878701	9	9	436335.9391
3450	1	2	2019	3.217918709	0.244629071	2	3	493316.8404
4631	3	1	2005	29.61514394	3.667717374	9	2	625020.3045
4615	4	2	2000	8.869612943	6.087910351	4	2	736062.0102
2868	1	2	1986	3.858904884	3.93576783	2	4	402118.8512
4347	3	1	1966	25.05011279	8.64845096	4	0	488022.8886
4995	3	2	2007	21.49359048	3.157142526	10	9	806377.6782
3201	1	1	1978	18.89934537	3.005994445	6	2	362739.0402
1471	5	1	1982	5.523445047	2.733377162	7	5	380269.9283
1666	3	3	2009	14.87638737	3.394530603	3	2	431099.4043
3274	5	3	2004	23.63612478	5.618309147	3	4	577695.4024
2482	1	3	1959	9.805094206	7.099451413	10	8	453783.7523
1353	5	3	1996	10.03900503	6.659422386	8	1	496126.2166
4646	2	2	1972	1.091086275	8.096406418	5	1	581709.6799
4236	4	3	1970	6.053058648	8.870548555	4	5	575291.4702
4269	3	1	1962	26.38676313	8.179182519	7	5	624217.839
1074	4	2	1982	13.81064826	0.287559493	7	7	384185.213
3761	5	3	1973	29.54280048	7.38558774	9	1	696814.6397
1648	3	1	1960	12.47553094	2.163155779	9	8	370334.4531
2215	5	2	1966	21.74040719	1.415987623	5	1	465367.4807
4354	2	2	2017	9.175652244	6.42103897	8	0	628583.8926
2991	1	3	1996	11.55047959	3.265457635	10	9	519000.3668
3160	3	2	1974	6.53105364	0.665459917	1	1	462260.9536
3624	2	1	2022	11.06480869	1.462534371	9	6	579191.9828
3551	2	2	1970	16.86988809	0.109201227	8	7	564167.4505
504	3	1	1961	29.76141355	9.041913911	6	4	168558.5622
1376	5	2	1986	20.26184968	0.34371804	3	5	425525.5711
1491	2	3	1991	6.778132678	2.173612118	3	0	343722.5235
4642	4	1	1966	2.303881806	4.221001529	8	5	695283.7385
4864	2	2	1997	4.664337958	3.630056127	5	7	789165.3625
4965	5	2	1977	17.31410084	9.126086181	10	2	864520.7978
1135	5	2	1990	23.18964954	0.498860563	7	0	449748.5479
2193	4	1	1996	28.27215701	5.170925606	5	3	307822.0333
2182	2	1	1967	1.458871988	6.836746679	8	0	365399.4796
619	5	1	2020	16.16004411	9.323809939	10	7	378129.0079
1330	3	3	1962	14.65515333	6.241675396	10	4	322547.2798
4175	1	3	1962	20.02559564	8.057176837	4	0	438058.122
1869	1	1	1980	17.22778678	0.928876885	2	7	196408.3053
1240	1	2	1951	20.92413537	3.920801158	3	8	195887.8782
616	2	3	1965	20.08439496	3.802076631	8	9	340220.5301
3338	4	1	1958	4.393340021	8.874253343	7	1	561943.4928
1650	5	2	2022	24.19181949	1.598574596	2	8	615749.7501
2431	3	3	1987	4.573744696	1.603673106	6	7	447253.5236
1512	3	2	2003	21.25738813	3.352725684	9	6	376619.8601
2164	2	2	2005	13.06821566	0.639213869	4	2	331916.2397
1581	1	2	1994	15.9016713	1.906334602	9	1	354233.4001
1012	2	2	1983	27.19564242	9.655575422	2	6	157503.3202
3349	4	3	1958	26.80662807	4.339021005	2	4	534067.4487
1059	4	3	1957	24.71783286	6.356990163	9	5	395363.6601
4172	5	3	1956	15.79430303	7.288501468	7	3	634429.4441
3843	5	1	1985	22.35095449	3.732917929	7	1	606866.0532
4570	4	3	1967	15.87401461	1.557548037	1	8	751327.5283
1970	4	2	1952	26.21857639	2.145152061	6	2	365432.6919
1080	4	3	1977	12.68049916	3.201338118	7	6	324950.1626
2794	2	2	2019	29.13682499	6.397077361	6	7	395027.8188
3647	4	1	1993	28.03735999	4.042977436	6	1	539096.9902
4749	3	2	1970	22.50647596	0.167465509	2	5	639387.7465
2179	1	2	1977	9.103060641	5.281731132	6	7	328744.5576
4006	4	2	2003	4.817954075	9.22298258	4	6	624138.2869
3244	1	1	2003	25.78640005	8.139568349	9	2	439095.0301
3856	2	3	2014	5.793766298	8.269592575	1	0	517211.4577
4545	1	3	1970	25.77356288	7.971074374	8	5	565567.5705
1743	2	1	1962	15.23218519	3.304935174	5	7	253263.1549
3618	3	2	2006	12.79014673	7.675418954	1	5	601289.625
2641	2	3	1998	27.19253259	1.517297442	4	4	407546.8924
3559	2	1	2003	18.51167849	6.611389858	1	7	444554.3371
3459	5	3	1959	17.72180621	6.45152881	6	1	670948.7156
2765	4	1	2002	17.20421239	0.353141011	2	0	483327.9832
2979	4	2	1993	11.76391596	7.900904323	5	0	527622.1313
2135	3	3	1996	23.78365	9.04215624	7	3	320039.1433
2257	3	1	2002	8.331154876	2.747411257	2	5	433332.384
4952	4	3	1995	28.22795384	8.142668169	6	8	762810.0985
2570	5	3	1962	26.92557095	0.915819121	6	0	564648.0177
3349	4	3	1986	10.78692944	6.039681797	5	0	595288.3845
3751	5	3	1973	22.15444933	4.907903967	5	4	638293.7037
4230	3	1	1951	17.62347264	5.50464298	3	9	587945.1982
2989	1	2	1963	10.79182976	9.269431499	10	4	410875.5136
2131	3	1	1959	29.66712779	8.726020948	10	4	281666.3151
3316	3	1	1984	1.73188303	7.872328207	2	9	560200.4507
1515	2	1	1974	8.326734888	2.809614731	7	5	225274.4783
1848	2	2	1952	16.08214777	9.127004424	1	7	286047.144
3587	2	3	1966	16.1366371	1.065326155	6	2	598446.6836
3339	2	3	1961	18.07905917	8.547959244	6	8	427687.3136
835	5	3	2003	22.79860899	3.348784716	3	0	365020.7691
1395	4	2	1973	19.08085709	0.632345885	2	3	332379.1441
4046	1	3	1978	18.40816236	6.726634144	2	8	480601.9468
1351	3	2	1992	2.551919424	2.38967129	9	7	513559.7225
2187	5	3	1974	11.91937835	2.511354146	5	9	513568.5289
2431	1	3	2009	7.729616451	3.129866946	7	8	432663.0801
4246	5	1	2014	8.695733236	0.730479198	5	0	799722.2625
2927	5	2	1977	17.07578676	1.853558728	7	8	607133.1914
2068	3	1	1965	6.785654133	0.150882313	4	2	317685.2944
4500	4	1	1996	9.524523929	4.509554259	8	9	749553.9149
3238	2	1	2007	7.875456547	0.934128236	10	8	597660.4728
3998	4	2	1976	28.50658535	6.85826079	10	0	601853.4768
4413	3	2	2002	28.39530623	2.432666227	7	0	659064.4759
1566	3	3	1991	18.6883052	9.441384026	10	8	351185.7148
4880	3	1	2008	27.81115159	8.725391111	5	5	562699.3871
2944	1	3	1996	23.78856672	2.96546486	6	3	397991.2282
4607	4	1	1983	18.1084886	7.853833001	5	6	684714.7288
3873	4	2	1986	1.186621133	8.052124556	7	4	695741.034
4469	5	2	1955	23.4029723	9.86697483	2	9	598658.3789
3046	5	2	1956	21.37216191	6.01861587	5	6	590983.6321
1253	5	1	1974	18.84235595	0.911460773	10	7	457383.3363
2582	3	2	1982	23.05230504	6.503688566	3	7	369616.7124
3274	4	1	2004	15.87474278	6.287299509	9	0	498504.5993
3396	3	3	2007	21.41841487	6.419670716	6	7	595155.9744
4685	1	1	1956	28.11999052	3.140741916	10	5	599034.4706
1275	5	3	2006	11.89834546	8.610827892	3	3	430425.2912
2125	3	1	1961	21.53553321	9.598774611	7	7	297689.018
3569	3	3	1965	14.79494672	2.255353878	4	2	454632.2228
917	1	2	1992	20.5575899	0.972706366	3	3	246195.8307
614	2	3	1956	23.12390673	2.025896828	8	5	285115.2329
1116	4	2	2000	2.318122513	8.223466179	4	6	387950.2665
4474	2	2	2022	19.75141287	6.798781885	1	3	631802.9632
3767	5	3	1981	7.575494348	6.396868689	6	3	713760.6228
1325	3	1	1957	20.4309436	4.077752038	10	6	288697.5051
2016	1	1	2021	14.58157539	5.820496918	1	5	284090.9769
3646	1	1	1994	23.43302951	3.14795384	5	7	396507.888
912	4	1	2008	4.578623641	4.824280786	7	0	293138.9579
1228	2	1	1953	19.1633482	7.951323981	6	9	248297.0392
3848	4	2	2016	9.075651139	9.814291815	2	6	663365.177
3308	3	1	1978	25.73647786	9.331640344	4	6	373981.9285
1175	4	2	1978	27.92312166	9.345272834	2	6	218087.5084
3965	1	2	1977	29.89555052	4.082014975	1	6	398046.3394
3004	1	2	1993	24.08421467	4.741019817	3	9	347961.2299
3467	5	3	1953	22.85828804	7.085790424	3	9	634378.91
3286	5	3	1958	7.249522007	9.229700088	7	7	650354.9474
1622	3	2	1954	10.74420471	1.505743168	1	8	382428.1876
4579	2	3	2005	14.50479371	3.111994452	9	8	731193.3266
2071	4	1	1999	23.42805039	1.478543761	6	1	391622.3389
2643	3	1	1964	27.53401009	6.158884447	4	6	274881.1145
2187	5	2	1981	6.485033901	3.132379869	3	6	527040.8321
4632	4	1	1977	27.74865706	3.32846774	3	3	534543.9417
4351	5	2	1971	21.17311492	0.802067999	2	8	673895.6683
3940	4	2	1966	18.71235119	3.562981012	2	7	560674.0537
4266	2	1	2008	6.795396867	8.638715423	10	0	559394.2734
2826	3	3	2020	2.610225951	2.407420838	5	1	491540.7309
3414	4	1	2006	17.48548206	6.982355915	9	1	543253.4259
4452	1	1	1975	19.89395482	6.333320615	2	7	518040.7162
1095	1	2	1974	7.112662031	8.648497623	2	0	190189.6122
1228	4	2	1959	17.13722997	1.409650682	6	3	429102.2754
1865	4	2	1994	25.83830868	9.778140607	10	9	462440.0059
4992	4	2	1960	25.21691242	5.868023596	2	4	669987.0136
1198	1	3	2002	27.89330024	9.955194108	4	8	271267.9999
895	1	3	2021	11.61068848	9.123995786	6	6	175125.5963
4671	4	3	2017	10.2234376	2.293020994	5	7	844469.4452
4860	5	2	1977	22.73335417	0.656003898	1	8	816370.5083
3002	5	2	2014	13.50225975	2.630827029	6	6	606593.3291
2319	2	2	1998	3.538911257	5.322880125	1	4	432339.7341
1217	3	3	1996	9.201232789	1.798804034	3	4	460189.3183
3282	5	2	2001	13.13888628	1.757851471	10	9	765025.3036
4077	1	1	2003	9.482976339	4.679676116	5	5	530060.8852
643	5	1	2009	10.63396156	0.429352915	10	4	370896.5099
3640	2	2	2006	9.519501279	1.306692017	5	8	624887.7338
4991	2	1	1996	2.203475848	4.21702726	10	2	635328.3794
3438	3	1	1980	19.47574632	0.724986101	6	2	526710.617
4136	5	3	1995	18.32148019	4.027875059	10	6	822372.4197
3722	1	2	1975	19.94812146	4.792662033	8	6	315527.7963
1667	1	2	1954	6.576986985	4.567539479	5	5	266998.4978
3116	4	3	2001	9.573981707	8.704831088	1	2	668001.6205
1562	1	1	2003	18.96886188	5.347618305	5	6	126931.3636
2656	3	1	1982	18.38919949	4.733006579	3	4	391461.9684
3482	3	2	1999	15.68357897	4.166021529	4	6	454646.9656
3794	1	1	1987	11.16198425	8.194471445	8	1	400396.6023
1656	1	3	1976	27.47499914	8.96106038	7	5	157355.8571
1232	4	3	1964	10.85333703	8.547100445	5	7	382734.9401
4830	1	2	2010	14.21295554	6.768111124	2	0	577413.7735
1453	4	3	1970	20.6653011	1.459881285	6	3	429156.923
3039	4	3	1995	16.7476215	2.841012698	6	0	531690.57
3824	1	2	2018	11.05969331	0.55602433	10	0	532030.7539
3801	2	3	1955	13.63369892	9.315158342	10	9	586870.4447
2042	2	3	1987	24.03994372	6.641905444	6	7	326964.3858
1691	4	3	2011	9.065745509	7.488992555	9	6	445083.7908
3493	1	1	2011	5.125401954	3.184560222	8	9	504170.042
3181	2	2	1995	10.08173285	8.471969871	8	0	420341.2745
1717	1	2	1962	25.63649225	2.670072509	1	1	191654.5488
2040	1	2	1952	3.580701731	0.116273195	5	3	365192.1006
3736	1	1	1955	29.75918613	3.826508129	7	0	506828.2572
2886	5	1	1957	16.68908407	5.750538661	6	2	527372.4842
4219	1	2	1993	29.56052658	4.839178094	5	7	535881.6645
1888	5	1	1982	28.23089624	8.634553812	8	7	413199.5713
2356	4	2	1999	14.13159771	1.143512331	3	7	475750.4042
1865	2	1	1960	6.756241164	5.582852062	6	5	361276.0697
999	2	3	1977	5.78165852	5.178495563	5	5	267627.8151
2180	2	3	2019	7.959691552	2.885790524	8	4	477299.0332
1010	2	2	1990	21.59384658	8.240058315	4	8	284760.7988
4812	2	1	1965	8.915549847	7.553201693	8	3	579171.5332
1824	2	1	2017	10.90133282	7.355305955	10	9	467841.8265
1655	2	3	1997	14.01458532	8.774305535	2	6	336250.7685
2327	4	3	2005	27.48374773	7.255567546	9	0	526224.5754
3641	1	1	2013	6.492409119	2.395228788	9	8	506729.5805
3986	3	1	2008	1.145770026	7.085070845	10	6	681339.4055
2310	5	1	2011	2.742795901	3.146257853	10	9	601330.8215
3423	3	1	1960	27.23822391	2.497529038	6	8	515806.3498
2714	3	1	1967	19.77797748	0.82273557	4	6	416639.1139
4686	1	1	1968	8.918177961	7.465882945	4	1	531774.7079
1213	1	2	2004	6.138582529	7.138909523	6	5	247739.7287
4102	1	1	1975	9.533735362	2.421544829	5	9	607917.6826
4634	2	3	1955	4.32911089	7.518852266	6	3	600370.168
4022	4	2	1953	28.3044544	9.186624743	7	2	542929.2294
4768	2	1	1978	23.74197906	1.169486679	7	1	600774.2978
1743	4	3	2008	14.40934413	2.40310272	9	5	577359.3509
4209	4	2	1966	26.08391555	7.527581861	8	7	702599.1838
1581	3	3	1992	8.234287925	2.817616068	6	5	429882.416
955	3	1	2015	21.79649649	6.284173345	6	8	309440.5983
1394	4	1	1983	25.82784247	0.903525822	5	4	360253.5888
1884	4	1	1957	11.34629264	4.576804543	1	1	267929.7513
2458	2	1	1962	22.96646892	7.417005078	9	7	407985.7089
3572	2	2	1957	9.557098129	6.896488036	9	8	464710.542
2496	3	2	2014	9.666856923	8.169213797	9	9	471620.2834
4785	1	3	1992	4.104658178	8.786776053	8	3	633108.1576
1004	4	1	1988	13.76168335	7.754516662	10	5	338111.0633
1714	2	3	2008	22.16164529	6.748718655	3	9	383140.9861
2031	3	2	1993	28.26640336	0.414052669	1	7	391864.5636
3940	2	1	1958	18.51011277	5.396170067	8	8	521908.9935
1323	4	1	1986	26.03093059	0.473207477	7	4	304595.4016
1428	4	2	1985	24.85234483	8.099871389	5	5	350923.9586
633	5	2	1977	6.026948536	3.275172792	10	3	411244.6655
2605	1	2	1991	15.08870544	5.668050804	7	4	381091.6719
4127	5	2	1992	4.39078253	2.866508542	10	6	777083.992
2352	3	2	1991	20.78244169	7.846751429	4	8	438542.2364
4675	2	1	2015	28.54709038	8.876375014	9	9	605695.8923
3433	3	2	2004	4.975594284	4.046560693	10	5	650571.6812
3784	4	1	2021	22.28261079	8.642931696	2	5	603422.4986
4798	5	1	1997	19.33490638	2.744042574	9	7	779680.1994
3311	5	2	1971	17.92454607	5.393143138	9	3	592677.2687
1750	5	2	1976	12.31348681	8.601738155	5	2	454182.6434
4012	3	1	2016	11.29881778	3.326225292	1	6	508916.2539
1756	4	2	1962	2.312226482	9.545018424	7	4	467833.6927
3876	2	2	1994	7.319352539	1.306607068	10	1	602976.3904
3986	2	2	1959	1.440129586	0.28092319	10	1	589577.2048
4084	3	3	1958	17.86109606	9.050939991	4	5	594723.9038
1896	5	1	2003	4.06974384	0.779621795	9	7	586760.1294
4137	1	3	1976	26.31756243	9.91970304	6	0	464792.2637
3830	3	2	1983	16.1711476	9.518828934	3	5	571994.3807
3203	3	3	1950	21.29100736	1.456507009	6	1	468816.035
970	4	2	1981	12.91485566	5.422087794	10	1	402677.6744
1853	2	3	2020	17.25681446	1.930710945	6	6	364201.6428
3283	3	2	2016	28.33711613	4.338736213	5	9	573464.5362
3331	3	3	1969	3.399287149	0.70810878	2	0	512367.217
857	5	3	1984	8.364195386	2.316853419	10	5	417833.039
3519	5	3	1966	23.61966148	3.696400684	10	6	712010.8145
1167	1	1	1967	3.863379	4.442610252	2	7	164038.8661
4968	4	3	1994	3.194172013	9.777212956	7	6	725389.3157
1645	1	1	2002	11.48470056	8.097869892	2	5	99357.97228
4685	5	2	2017	3.672870796	7.400358449	6	8	820539.2745
4219	2	3	2014	17.96727482	5.416709016	5	2	680793.2033
3245	5	2	1950	7.561982274	8.41597783	4	5	585346.8967
1039	4	2	2007	26.97524093	3.459296073	7	3	328237.8759
3279	5	3	1975	23.72150234	7.118101216	8	1	675959.965
4636	4	1	1969	21.29145098	9.938461356	4	0	632685.9722
4275	4	3	1959	18.89137679	3.214826198	1	0	673222.0693
3008	4	2	2008	26.04050618	6.772773595	1	9	549050.0079
3279	4	2	1990	7.468799785	8.458717155	1	2	561963.9308
1424	4	3	1954	26.32015644	9.166495075	1	3	326482.6383
3456	2	1	2014	23.89527665	7.20753364	5	1	413896.5311
2081	1	1	1966	22.69666397	2.907718442	4	0	129304.0429
3824	3	2	1971	17.27641466	3.330193301	9	3	568139.4344
4985	1	2	1990	8.141080668	0.305504518	3	6	672937.1649
755	4	1	2017	13.28288956	7.632771179	7	9	330719.8232
2338	2	3	2018	24.01354898	0.5231221	8	5	465884.339
2444	5	2	1960	1.921576046	8.660058311	6	5	470967.3097
509	2	1	2005	23.67947231	1.274740083	10	8	221612.8764
3371	4	2	2000	7.962051474	1.80157747	1	1	563713.5514
1297	2	3	1970	5.184966821	4.817612061	8	3	351870.1149
1515	2	1	1975	4.355338227	7.40501611	10	4	284831.1946
2324	4	2	1968	1.790250347	1.476121831	3	0	430012.0189
4969	2	3	2009	16.18400807	4.456703643	8	7	775357.2439
3636	3	2	2020	7.329536308	4.880227617	4	7	622803.1156
2693	3	3	1996	29.69352121	2.201627853	8	5	539338.4416
723	2	3	2020	17.65866592	1.244027929	1	4	324178.5578
4658	5	1	1975	4.998672811	8.380567138	3	7	685646.0993
4425	4	3	1989	20.97411368	5.074409933	6	2	698728.7644
4500	3	2	1954	27.03456343	0.242374236	9	2	663276.9907
2133	5	3	1970	22.61020537	8.049514883	2	1	396256.6468
2652	2	3	1953	3.21675597	9.809858674	1	4	371169.6816
1010	5	1	1972	26.98064125	6.098669335	10	2	356655.1957
884	1	3	1964	24.02395219	5.086713032	3	2	274783.501
904	3	3	1957	5.590813103	8.796317044	4	5	279230.2637
2500	2	2	1990	2.501790773	9.529916218	5	7	467193.8256
3256	4	1	1968	17.16200668	7.569915467	3	1	504923.57
2168	2	1	1995	5.525038529	4.509984004	10	3	342371.9228
1960	4	1	1977	25.20313763	5.962991853	2	6	272337.5736
4136	2	3	2017	11.39170504	7.039260114	2	0	571971.0196
3224	5	1	1964	27.4738809	2.023308353	7	0	611202.4295
4678	5	3	1986	17.40495699	4.527290219	9	9	862749.3759
2548	5	3	1950	6.297499143	8.315230521	10	6	601571.4393
4646	1	2	2016	5.048367153	6.58178095	2	6	560390.0283
1216	4	2	1973	17.71770069	4.170920265	7	0	279111.935
2323	5	2	1976	23.09462474	6.667289087	7	0	437748.2692
2581	1	2	1989	23.66366378	1.27040188	7	3	284304.9786
3919	4	2	2012	8.996964729	4.074826345	3	4	597379.6089
2074	2	3	2010	6.923156008	7.951972526	7	4	394493.4135
749	1	3	1985	1.48593283	2.283036993	1	3	226313.7505
1173	3	1	1973	20.69677538	1.941018925	10	7	308947.9916
2665	1	3	1973	3.220479495	9.513104733	1	6	355274.8066
1270	1	3	1953	13.20207485	2.177986533	5	8	256467.3782
4462	4	2	2016	18.44878276	2.683093939	2	6	723839.4066
4863	2	3	1983	28.1761594	9.699197795	9	9	614710.9456
2484	3	2	2006	10.04226197	7.373614846	7	0	507407.0876
1577	5	1	1998	8.243392711	7.026005677	4	6	360724.3369
735	5	1	2002	19.97064447	8.5439712	4	0	267448.1949
888	1	3	1972	18.95793193	1.246648514	2	6	182605.6232
3537	4	1	2018	10.63118372	7.088966742	5	9	655000.0413
2348	4	3	2002	27.91495323	5.086517232	4	7	566502.9742
3314	5	1	2011	25.5010075	8.308591339	1	8	595256.6043
3874	3	2	1990	7.49549383	5.130603015	8	2	684551.8151
3778	2	2	2006	7.935133818	6.240389407	3	3	477268.9889
1752	3	2	2009	15.85671006	4.829647051	6	3	449856.8686
4481	2	2	2003	23.43359095	4.833773343	4	8	647996.7879
2622	5	3	2019	2.277171002	7.702902783	9	6	555317.3912
2650	2	1	2006	21.10671946	6.322807366	7	2	373149.3121
1829	4	3	1959	19.79884102	6.369305696	9	9	502557.6606
1858	1	2	1989	7.712922781	4.55779659	10	4	317814.4782
2982	1	3	1956	20.75923738	5.357984014	3	6	308600.3465
2517	5	1	1987	28.26531255	7.482604895	1	7	552465.1113
1831	4	3	2010	2.356789504	8.276815099	5	0	469554.353
4844	3	1	1952	10.2699096	6.995957881	3	1	579800.6631
4761	4	3	2000	13.70712478	9.24832259	6	6	693994.4317
1858	1	1	1996	27.07855041	8.221208473	8	1	197918.807
3677	1	1	2017	28.90558195	5.662451519	4	6	380684.547
2628	4	2	1987	13.87934215	6.746920119	5	8	569255.4766
2680	4	1	1985	22.75082395	9.270451942	5	1	448377.7734
637	1	2	1990	16.41816969	6.229763638	4	6	118186.6578
3972	3	2	2018	16.59570511	8.265588785	4	3	610705.6578
3332	5	2	1962	9.064885937	6.919223986	4	1	561798.1009
4079	5	3	2007	7.29173113	5.564169974	4	6	771220.2238
3531	4	3	1999	9.352155032	2.494198135	4	4	659412.8936
4664	5	3	1979	17.13351221	4.317375443	5	0	777559.4589
3093	1	3	2011	1.845500395	9.680653966	2	4	440188.3256
4800	1	1	1974	27.31021939	6.611877294	2	2	474372.6573
4318	4	1	1976	5.532227577	5.687514265	9	6	758088.389
4638	4	3	2000	7.382571629	9.336270593	2	5	746381.6414
4323	4	1	2006	16.03000912	5.906466632	6	7	661862.5605
4542	3	1	1996	21.59332822	5.308216932	2	4	572574.6216
2406	5	2	1988	3.776142588	7.617177466	5	1	586470.3569
1260	4	2	1965	10.21314623	7.155389628	4	8	357417.8821
3945	2	2	1971	29.09156356	2.012284083	7	7	520554.5316
1399	2	2	2003	8.607946037	4.765951918	7	5	302297.4312
4955	1	1	1970	10.07845421	4.777902884	6	9	597105.4826
3447	5	3	2021	25.25845623	3.844422701	10	6	700218.1339
2219	4	1	1965	2.456218519	5.221205473	5	8	517121.3068
780	2	1	2008	14.4737819	4.189763237	1	6	131212.7023
3766	5	1	1980	12.00888617	2.073520346	3	2	693118.0122
2387	1	2	1991	10.18101604	4.182428224	9	5	376164.311
3766	3	2	1981	9.285288227	0.815541781	1	6	508114.847
1166	5	2	2008	3.649849041	5.800280041	5	1	439757.6886
4688	5	3	1983	10.12994905	8.551180035	2	2	688132.2438
1171	3	1	1958	2.248519679	7.280342135	4	3	247919.838
2469	5	3	1960	23.64795205	3.667900997	1	9	484387.4143
4656	1	2	1959	12.54860602	0.962004935	3	5	583946.4267
3622	1	3	1966	13.87321114	2.101279052	10	0	513784.663
4400	3	1	2017	26.91424301	5.500354371	7	8	583244.7005
1023	4	1	1997	20.08359453	2.149865125	10	4	345531.6583
2893	2	2	2001	1.233713997	5.485333802	3	6	492653.2655
3617	4	2	1974	28.35206987	2.392830345	4	8	648386.3137
3093	5	3	1970	7.877189513	8.504346308	2	8	595760.1491
2468	2	2	2014	4.120811358	4.032987581	3	0	347173.6113
2253	3	2	2012	23.27571717	2.530951197	9	0	507795.6252
2796	3	1	2000	15.51384216	8.142029184	3	2	439890.3535
2761	2	2	1985	13.57934641	3.494105752	5	5	493797.7576
2786	1	2	2015	8.235589311	1.20372811	2	1	397620.6368
4702	2	1	1964	16.87667321	5.747053965	4	9	537681.538
3378	5	1	1988	8.957153551	5.857485624	7	0	631442.689
4643	1	3	2019	27.14590715	7.175487185	7	0	596447.2109
4144	3	2	1950	7.240929912	2.478172389	3	4	545783.5936
4932	2	1	1972	26.64629936	4.493336257	5	3	571372.6492
2555	4	3	1988	17.22275735	2.895442399	1	0	461825.9789
1776	4	3	2006	25.02615588	0.901441988	10	3	548217.3705
3266	5	2	1983	21.67253388	8.778476887	10	2	643962.8933
802	4	2	1990	21.20415823	7.315811064	10	1	280633.0586
1138	2	3	2022	10.40602842	3.084484289	1	8	258944.3927
555	2	1	1962	7.783011013	6.033792629	5	0	124274.4561
1025	4	3	2019	7.115700603	2.092511503	10	6	495447.0056
4623	2	2	1955	25.85855805	8.913342556	9	3	601065.0098
2625	5	1	2001	24.79237779	1.237572799	1	4	520392.576
3787	1	1	1952	13.77663231	0.137987741	1	9	487391.0788
864	5	3	2012	4.839733791	5.069881158	4	4	417011.4534
2146	5	2	1998	12.08531531	5.872965452	4	0	459850.2387
1418	2	3	1996	18.96096017	5.831756671	2	5	234728.596
3297	1	3	2004	14.17769148	0.639668082	9	8	586616.6324
2031	2	3	2013	23.62548879	3.209033688	9	1	415891.4632
3845	3	1	2014	29.93106185	5.042069574	2	6	427747.3526
2406	2	1	2016	6.542830565	2.244133938	9	5	464401.9381
3586	2	2	1964	14.32987377	8.738996266	6	4	480543.7795
2575	2	2	1981	13.49853316	0.962381966	8	3	431473.6767
1213	1	3	2017	9.83028345	4.925105973	10	3	340846.6459
1562	2	3	1967	6.744769985	6.945018969	4	5	245973.5802
2476	1	3	1992	2.905071378	2.691335891	2	3	454384.7695
1796	4	2	1984	26.7264602	6.279983296	2	4	374760.1344
625	3	1	2007	13.17561223	8.310912986	9	5	184909.2664
4096	1	1	1982	15.40997004	1.984336053	1	4	437563.5247
3783	4	3	1963	27.5913194	9.180483859	7	6	627550.9519
2103	1	3	1983	23.51242385	5.580229473	3	8	249727.4012
566	1	3	2010	4.784536659	3.062396843	3	9	260400.4564
732	3	3	1953	17.39717906	4.365496926	2	6	320624.4384
2656	5	2	2008	13.82531602	3.190699649	10	6	614777.4167
1669	5	1	1978	24.1191211	7.278600483	6	3	413690.6902
2658	1	3	1955	22.00274388	7.983376568	10	0	364307.5593
4706	2	2	1998	21.02176594	8.346080184	2	7	625240.5672
1993	4	3	1989	10.87580023	9.859105671	10	3	493810.776
4507	2	3	2014	24.34394818	7.933714496	4	0	530007.6998
2972	2	1	2018	2.519347572	6.0537023	10	4	552101.9057
3160	1	3	1976	5.629122142	3.458280954	9	7	455087.3214
3239	1	1	1955	10.73307492	5.491494942	9	3	482419.4444
2261	1	1	1962	3.227415791	0.506574911	6	7	359150.7613
4014	1	1	2013	7.814834049	7.473768248	4	7	463456.8538
2475	5	2	2011	25.07437851	4.514959896	7	2	608209.0241
2862	1	2	1968	28.4992946	0.298229974	1	8	332250.8092
1376	5	1	1992	9.833468317	0.718818721	4	2	402268.6917
4312	5	3	1969	8.670958316	3.935917992	5	0	696135.0246
3948	1	1	2017	9.116886915	5.875873038	8	1	412277.911
1812	3	3	1993	9.053853533	4.695619095	2	5	424833.826
1960	4	1	1972	2.041975283	6.230122741	5	9	353359.0976
3209	2	3	1951	27.88057404	4.854913162	6	1	384199.5695
2824	5	2	1971	7.197246106	6.65086807	5	5	589393.3951
2233	4	3	2006	13.18011815	2.26934804	9	0	523559.2034
2105	3	1	2021	1.280919599	1.217147553	10	0	487710.0166
3063	2	2	1956	25.88069764	6.004696151	1	4	286830.3583
3921	2	3	2005	22.20356299	4.898426218	3	9	552777.7743
4017	5	3	2016	28.45592502	0.365989775	2	8	744127.4863
2897	1	3	1965	23.6668489	3.866770666	3	7	322458.8231
4235	3	3	2000	10.09748885	1.150643296	10	2	808869.9797
3370	5	3	2021	8.188327403	5.360432634	9	2	699949.9864
1660	3	2	1961	21.23377292	4.018199029	9	0	410362.2984
742	1	2	2002	11.55927048	6.17020392	10	2	210840.1622
3090	1	2	1954	17.42023546	8.075461966	2	0	216358.441
1563	5	2	1976	1.18146666	3.06671997	3	7	409758.4264
4824	1	1	1961	2.794685349	9.624810831	4	0	495490.5396
3095	4	2	1966	16.52567029	5.402781556	9	4	614073.5393
1419	2	3	1955	17.41607775	6.221078908	3	8	356451.3066
505	5	3	1954	22.79213539	6.838656495	7	6	348133.3832
967	3	2	2006	4.826994269	6.700642146	3	3	232680.6134
4670	4	3	1977	15.88230943	5.158610356	7	8	777366.5834
503	5	2	2018	6.638981689	4.344766482	7	8	389037.4705
1145	1	3	2008	3.702687467	0.632441445	9	1	343541.9989
617	1	1	1982	12.90437803	0.318649868	2	9	91224.26698
3428	1	1	2011	5.736762795	3.643815826	6	9	381628.8834
3051	1	2	1999	7.431677368	3.403242817	9	5	540063.2142
4789	3	2	1968	10.20908282	3.938182033	2	3	617470.0876
1346	4	2	2018	8.522263622	1.469845189	2	7	422689.2635
3262	2	3	2015	3.540147625	7.407865878	5	6	593915.4441
1641	3	2	1996	3.607571101	8.583947706	10	6	520907.4547
2310	3	1	1988	6.604233042	9.39327489	10	9	496829.1921
1223	2	3	2017	2.466216451	4.974386805	10	8	421645.7139
724	2	2	1982	19.16725357	7.038570421	8	4	241016.2846
4708	1	3	1962	9.332474779	8.569956122	9	5	588546.1177
2548	3	3	2003	9.112633065	4.241082	2	0	457175.0428
4915	5	2	1956	10.62795053	3.163186669	5	5	779671.3475
2073	2	3	1963	20.22109195	9.373573103	7	1	285658.6877
2328	2	1	1968	26.24838256	5.205197856	6	5	315335.9249
2417	4	1	2003	23.01352104	5.022813477	6	8	498913.9832
4734	5	3	1969	22.09834768	1.866319356	7	7	836722.5527
2526	5	2	1978	15.04734438	1.170734644	3	8	573517.8271
4244	2	3	1973	21.12036115	8.436857939	3	9	488023.7271
1401	1	1	2012	17.03010867	6.179918444	10	7	340603.1376
2539	4	3	2006	7.271265317	3.325663382	9	2	653043.2138
509	5	3	1957	7.049062664	1.998188552	8	7	411003.5115
760	2	1	2011	9.595368199	5.599423074	5	5	244587.583
2173	5	3	1978	27.41327746	5.880800964	6	5	502241.7519
2719	4	3	1966	16.87503037	2.149236652	10	5	623001.6391
2560	4	2	2015	22.28325593	8.528916904	1	2	400075.3113
4213	3	2	1955	11.05020403	0.934217225	10	9	748651.5356
2119	2	1	2007	12.82375735	3.625321543	1	0	327236.2582
820	4	1	2018	4.64140178	6.835805696	4	3	354809.8575
1842	3	1	1977	5.967553777	2.813791602	2	9	351943.2906
2876	3	2	2011	24.99334009	8.293984428	7	5	418512.4724
3332	5	1	1990	17.96032032	7.424691483	2	9	616352.637
3324	5	1	2018	10.78844151	7.911326161	10	1	582288.4194
2494	3	1	1990	24.28268506	1.279154705	2	6	436237.4894
3458	5	2	1998	8.149077264	1.491416567	5	6	648438.4018
2538	4	3	1998	29.30494826	2.936090004	4	3	421157.2208
3990	1	1	2020	10.99971062	5.228963935	8	3	522905.7443
4177	4	3	1952	10.78201767	7.505359159	4	0	676749.1964
1618	3	1	1959	10.04544526	8.381655819	6	1	232520.643
2104	3	3	1984	4.541233962	7.072919628	5	8	536904.6652
4527	4	2	1951	4.222977273	9.293109127	2	9	683625.527
735	5	2	1973	19.795046	7.413560745	8	7	379680.0804
2469	5	1	1987	26.37842329	3.132052081	2	7	455701.6802
4929	3	3	1971	23.9250948	2.724304715	9	8	731133.4192
2408	2	2	1975	5.092120227	6.992305258	9	6	449162.5947
875	5	1	1992	16.82188153	2.00941863	3	8	405111.1867
4030	4	1	2004	4.062154833	1.017876627	4	9	656111.4963
3135	5	2	1988	2.313544665	5.369006461	8	1	601702.212
2070	4	2	1978	20.03518992	8.234251541	9	5	445067.0215
3060	3	1	1969	16.51941768	1.10366044	3	2	503124.2962
3891	5	3	1990	3.378686871	7.939724106	5	5	663799.5887
3465	4	3	2003	2.013238146	8.134562843	8	2	718924.5917
4143	3	3	1969	29.70293599	4.874512601	3	7	583635.5566
4350	2	1	1968	1.870618632	0.667372069	7	3	505284.9452
1372	4	2	2015	13.89131934	1.828439527	8	9	454193.5436
1752	2	1	1979	15.63395171	7.103520124	10	5	349897.8996
1814	2	2	2002	4.401124286	7.146601655	3	8	435955.4404
3398	1	3	1983	5.902791575	8.993717224	2	1	341657.1946
577	5	3	1971	11.20234519	5.868592851	10	1	257993.5216
3121	4	2	2016	23.08860041	1.32866294	7	6	546801.8437
4727	2	2	1955	15.7053903	1.302007564	9	1	678299.957
1100	1	1	1976	19.49915436	7.239210338	1	1	-6881.445767
1565	3	3	1959	29.5700621	1.919468185	3	3	383625.2294
2636	4	1	2022	23.27215762	3.351016446	5	8	580041.0499
2949	2	1	1997	13.59648345	4.923398869	3	7	421641.8509
2843	5	1	2019	13.94681573	0.345172288	1	1	514362.2416
2363	1	3	2008	18.94439023	2.563308367	7	7	418357.709
1818	2	1	2008	20.29559104	4.138107124	7	3	351072.6499
4097	5	1	1951	15.52061685	2.868399553	10	1	700240.5918
4262	2	1	1978	19.70097546	1.450066242	8	9	676530.6865
2690	4	1	2017	1.682442338	7.307321352	5	6	520093.3861
1492	4	1	2014	13.45906305	8.150161786	10	5	362488.9163
3212	4	1	1975	9.089204206	2.649041864	5	9	492912.3469
2692	1	3	1959	4.746058912	7.766752997	5	4	283009.5538
1748	4	1	2002	3.886848871	3.916980288	1	0	376255.3469
3554	5	2	2008	18.4925728	5.116189329	10	1	681115.4727
4533	2	1	1971	16.18441587	8.574410641	5	7	542691.8452
2497	3	1	2000	8.353939393	7.52454145	6	0	385516.4369
4187	5	3	1997	14.6575517	8.070656828	1	2	627523.2695
2651	5	3	1970	15.27473714	1.454767149	7	1	619993.4842
4518	4	2	1971	6.655260433	0.790222316	1	4	549385.1726
3610	1	2	1979	19.91069879	8.944706818	2	3	337375.2899
2470	2	3	1974	23.64666134	3.939559269	2	6	410333.389
697	1	3	1977	23.95244269	2.950008813	5	4	126003.1492
3126	2	1	2014	18.47162509	7.274492917	10	7	514868.0562
1702	2	3	1994	15.83751889	8.380514406	7	3	302609.4354
2535	1	2	2017	2.769207147	8.638647257	1	5	320976.1057
977	5	1	1956	9.347107667	3.228371697	10	3	419609.952
1754	2	2	1998	3.704871957	8.536902673	1	1	211413.3269
1422	1	1	1958	28.95087167	0.505246049	1	0	144035.9429
919	2	3	1985	4.917324241	0.591648765	6	0	293403.1323
2704	3	2	1950	5.401486886	6.272840032	2	7	483054.7694
3097	5	1	1959	26.79772193	0.724753054	1	3	503888.2894
1620	4	1	1985	28.37392022	3.313630768	6	4	307209.6747
3568	2	3	2022	23.20904214	6.760284264	2	7	606980.2155
1450	3	3	1995	1.156742787	3.438942271	6	6	378194.6558
2836	4	3	1981	1.039041858	1.878037836	10	7	643773.9229
2743	4	2	1981	11.96492232	2.885371156	8	7	616813.7459
3145	2	1	1955	5.15846573	4.629995789	2	5	294036.7009
2357	1	3	1997	1.533198122	4.806319968	9	9	529585.4529
2365	2	2	1987	14.45793399	7.85170229	8	1	319781.4059
3412	3	2	1966	28.34879502	7.526516971	10	5	502119.8541
3353	4	2	1976	10.39076767	4.622496265	1	0	528848.8785
3728	2	3	2003	20.17307967	8.472106756	7	0	528008.0141
4219	1	3	1999	19.91482524	1.230947672	10	2	641374.4141
3728	2	1	1984	8.281323006	2.627998167	6	2	424056.9846
2871	5	1	1974	19.86233222	8.296966989	6	4	553263.0683
3391	1	3	1977	7.157685254	3.842140982	6	0	499936.044
4256	3	2	1964	4.538214994	9.813697432	6	9	674916.3743
4725	4	2	1953	21.34011528	4.715907487	10	5	641757.1934
594	2	2	2022	4.289783696	7.940162667	7	6	196672.8576
3174	1	1	1976	29.91036734	4.08283971	3	9	328046.2843
2455	5	2	1975	6.320119633	4.307039839	6	2	475283.2725
1293	1	1	1968	18.23011402	3.890543158	3	3	53188.6612
2334	5	1	1966	12.92986257	7.218848643	7	9	490172.8288
2616	3	2	1992	4.66520625	5.520427052	7	9	530372.0203
4606	4	2	1990	1.80747332	9.443403303	8	9	901717.0134
3825	3	3	1991	19.05923619	2.583814134	2	9	631896.2147
3419	2	3	1999	24.39596935	1.095571048	9	9	676243.7061
3097	1	2	1989	25.41845418	3.993288702	5	2	372689.0938
3705	5	1	1988	14.99869072	6.205455806	9	0	672453.6392
1314	5	1	1972	23.54620855	8.621909475	10	7	397891.1507
845	1	1	2001	20.51256687	3.527349178	5	9	312994.2812
2849	1	1	1996	22.0033813	6.572488836	7	9	341751.25
862	2	1	2012	15.28537115	3.566966942	9	1	224295.708
2943	3	3	2018	19.36894047	6.210473872	4	0	539336.7841
2765	5	2	1992	24.36025149	8.859598676	2	7	527855.1488
2688	2	3	1997	12.53864109	2.390440658	9	6	494562.4144
3505	3	1	1983	24.37338813	4.101992257	2	6	519262.1199
3781	2	1	1989	18.16848844	9.933325445	3	3	431039.0377
1484	5	1	2010	5.811129707	8.69871458	10	8	497874.3313
2139	1	1	1999	1.71584056	5.689934593	2	5	294547.7613
1327	1	2	2016	11.51985441	5.214613159	3	1	134881.1909
3230	3	1	2011	16.85419352	2.917543785	6	0	423041.1944
4031	4	2	2007	25.35479021	5.220373334	3	0	654633.3335
4951	3	1	1982	4.697084724	8.496996833	10	8	688372.7628
3435	4	2	1965	24.20598408	6.883227681	8	3	551024.326
4376	2	3	1997	26.02726234	2.971435879	6	4	695310.2277
626	2	1	1959	5.369937123	2.094492818	7	2	182994.2889
3677	5	2	1987	25.69623526	2.725564516	1	3	591175.2662
3556	4	3	1968	29.75215347	1.780616094	3	7	631996.4921
1103	5	1	1985	22.0783261	1.046842891	3	3	317995.8875
3949	1	1	2008	23.75832077	4.249448127	2	8	511282.5793
4646	4	1	2012	29.83804276	1.221666084	7	8	771593.48
4033	3	2	1995	18.55895627	1.801934321	9	5	745689.0756
3867	1	2	1952	9.928705078	5.518514375	4	1	388732.8658
3868	1	3	2014	25.28839419	1.72953281	5	9	621924.2799
4297	3	2	1957	18.82008755	0.732409698	3	6	620102.3818
2292	1	2	2000	17.85466729	3.242149615	9	8	328011.5982
3361	4	1	2022	8.35543111	2.281159076	4	5	472174.5212
3976	5	1	1955	22.93369382	5.201521361	5	2	557823.6615
3917	1	1	1988	3.368351	1.113434137	1	6	479013.5177
2145	4	1	2009	27.80432505	7.542530798	2	4	399046.0925
1705	2	1	1977	10.44888036	9.071711842	9	0	275289.6268
3530	4	1	2003	4.705464931	7.460008222	2	2	543782.5607
3372	5	1	1986	13.82862946	5.37498767	5	4	589368.1277
3572	4	3	1958	2.231627368	8.620611436	8	6	696194.5448
2354	3	3	2005	20.85415963	6.97969196	3	2	348978.736
4521	5	3	2008	27.1784598	0.204456112	6	5	820135.2927
3208	2	3	1951	25.28062721	4.001492512	4	4	387093.7192
4002	3	1	2010	4.69371473	8.524423804	7	0	539863.3983
1832	4	3	2007	4.661862976	3.524002694	10	9	634067.7888
701	5	1	2009	24.58959999	0.448630218	3	5	290514.4951
4007	2	3	1989	27.80337396	7.487178422	6	7	551681.4483
4712	3	2	1985	14.35942507	8.040178876	10	0	772205.1756
1074	2	3	1986	15.47016239	1.689877581	9	1	357914.1357
1036	4	3	1967	10.2295992	5.419670919	10	3	382293.9314
2125	2	1	2012	26.93368843	2.000358846	1	1	264012.176
2622	1	3	1971	19.70218425	7.220420749	3	8	283333.3828
885	3	2	1960	9.359295738	2.788349506	2	9	332871.9231
3781	2	1	2007	9.664703261	3.230529713	8	7	622185.5353
974	4	1	2006	26.84480212	8.465211451	7	7	353714.4522
917	4	3	1953	1.395386693	4.815591287	2	3	359672.9174
4100	2	1	1956	10.35907061	6.730569067	6	4	459902.783
1454	4	1	2010	17.07634376	4.083493202	3	3	275434.2243
1705	5	1	2003	5.298306401	3.050267886	8	8	552679.069
4620	5	1	2017	3.670863872	6.292232798	10	1	846625.0019
2490	5	1	1950	24.6430136	1.633089983	3	7	543900.857
4072	1	1	2004	26.93772727	3.792698372	10	1	490316.5433
4880	2	2	1952	24.8845862	2.16946667	9	0	589045.9303
4658	1	3	1987	27.0648488	6.988370173	1	9	523765.4413
3213	4	2	1950	17.04024716	9.4476675	5	2	520518.3595
2703	1	1	1987	24.55548551	9.955558583	3	8	271306.7719
3620	4	1	1978	12.13723651	4.557740423	6	2	567324.8705
1466	4	3	1954	20.32176798	2.600050857	10	8	495508.8543
3932	3	2	1970	29.67623041	4.484010767	2	6	487135.6776
1188	5	3	2020	7.546103991	8.487967159	9	9	602825.6555
4743	4	2	2016	12.30709264	2.139456218	6	0	783642.984
4201	3	1	1996	14.92137394	9.525746951	7	9	517747.4859
841	5	3	1984	5.002449124	3.484471111	5	4	401905.0364
2224	4	3	2017	3.350119703	9.859456229	9	8	479185.3045
4922	4	1	2018	25.06196312	8.402227987	1	2	635230.9639
2292	1	3	1950	29.32703681	8.104848288	5	8	262106.1297
2259	1	2	2017	12.73702685	3.24725627	10	4	449932.4029
3712	5	2	1961	3.54184525	0.186894398	6	8	667130.9201
1489	4	2	2009	2.90854106	3.883115797	7	9	504054.089
2762	2	2	1976	26.84822798	3.08791276	4	5	413506.3607
2982	1	1	2005	14.45061324	0.470230205	1	8	391807.3651
1451	5	3	1972	10.28079218	5.103116039	8	6	555029.0145
1222	4	2	1974	14.81737687	4.090009982	10	6	516529.6389
3889	4	1	1970	10.23081875	6.382109031	4	7	594124.9145
2579	2	3	2010	15.18203748	6.24974459	3	6	453546.1779
3217	5	3	2012	25.92713551	1.295391695	7	8	658354.9228
2832	4	1	2001	18.17673976	9.771958907	2	8	415010.5552
3876	1	1	1974	21.14495941	1.950621151	8	5	523248.4579
2000	2	2	2004	11.57544961	4.508212845	6	6	430384.3119
785	5	3	1995	22.41667048	4.93236368	7	1	344523.8469
3995	2	3	1981	20.33189546	8.149321692	5	8	490678.5735
2565	1	1	2004	4.467297935	1.082373001	9	0	360716.6989
1268	5	3	1954	17.60664274	4.343578364	5	0	383799.9242
3557	2	2	1985	8.445561393	6.322171485	5	2	468741.6994
4789	3	3	1998	24.31877442	2.230040654	3	5	697137.9913
2661	1	1	2007	13.35219355	6.311932198	1	4	347689.0775
3793	1	1	1988	29.84584079	9.244281892	2	1	366492.1279
1446	1	2	2010	3.6825127	9.975429499	8	8	331163.877
3835	3	2	1958	23.63008802	0.42126566	1	9	411556.6759
4650	3	3	1955	20.53735027	2.43232346	7	3	588068.5312
1981	4	3	1984	23.25746609	3.172040446	5	3	411902.0252
2401	2	1	1988	9.918364069	4.051348394	3	4	313436.8475
3951	4	2	1971	15.26958019	2.49834586	7	7	707060.5021
4564	2	2	1990	24.09874707	2.114531146	9	9	615684.7786
554	3	2	1954	7.743698617	9.55008304	2	3	201508.5706
2323	3	3	1991	7.554962707	9.193363867	8	4	439967.9683
3962	4	2	2016	16.98047765	0.56522576	9	3	657368.7015
3579	5	1	1979	16.18334381	3.454248914	3	5	541539.5849
1332	4	1	2006	9.185611642	4.110970681	2	2	450187.248
4908	2	3	2022	9.644193865	2.466243893	7	7	712812.1444
3306	4	3	1978	9.057509733	6.32584168	5	5	635405.1326
2990	1	2	1986	23.3738498	6.439769392	5	9	310143.532
827	2	3	1962	19.9051251	8.51999186	10	4	320236.2407
3810	2	1	1981	25.14009832	7.434605757	5	1	453998.8318
3800	5	2	1995	29.28871782	5.471475937	4	9	674764.1281
4175	3	1	1972	14.75076459	6.570509023	5	9	599837.2919
3554	2	2	1994	2.934122561	2.812488937	4	6	562669.2964
2643	3	3	1966	2.394677002	5.971256281	6	1	518107.7275
1811	4	2	2015	9.574286139	4.943349822	4	0	399279.8077
3691	1	2	1955	28.04379309	1.420110226	2	6	365032.448
3038	5	1	1967	16.17317859	2.501188338	9	4	595408.895
4483	3	1	1971	8.881808966	2.987765162	2	0	597818.9443
664	2	2	1982	12.57583704	9.250664714	9	3	215662.2285
4777	3	3	1979	18.35925811	2.38082773	10	3	778772.4349
1322	2	3	1981	19.93554009	2.963514638	6	9	361403.1858
1443	3	1	1991	5.463665784	3.756605888	9	6	371740.4759
4925	2	3	1959	29.33391862	6.671053112	9	8	569117.8987
1274	4	1	1985	16.79839458	1.270560085	3	1	289274.0131
2698	2	3	1983	4.934961216	9.544057604	1	0	459349.6512
3656	2	2	2022	26.91542235	8.669155079	1	1	459426.3624
4742	1	1	1977	3.164514501	5.814439123	3	6	500821.2688
4195	2	1	1960	27.32432756	6.772974888	5	9	505519.0493
3952	1	2	1988	29.90040403	0.264938665	3	5	497906.702
1414	5	1	1996	21.31252218	3.455553276	9	3	407543.9088
1808	1	3	1968	23.34296941	7.977036284	9	0	330998.0745
4677	4	3	1964	10.78178226	0.867081441	3	0	727585.9293
1013	1	1	1977	28.30572873	2.894906959	3	4	59218.56909
2420	5	3	1973	16.36170502	5.894438601	5	0	562622.7113
4094	4	1	2021	22.23926495	2.638488974	2	6	609248.356
1909	3	2	1958	27.79912376	9.346381944	6	0	284613.3214
3690	3	1	1996	29.2802193	1.397480445	7	0	475653.7243
4991	1	2	1982	25.16292634	7.994204143	9	1	604375.4472
2055	1	3	2011	9.787507702	5.12869205	6	9	385838.263
1304	5	2	1968	29.02987798	7.528274681	3	2	363386.7184
1779	5	3	2016	19.21546641	3.17608175	5	0	479039.539
4077	2	1	1989	27.98863181	5.193447063	4	8	468485.3367
3401	5	3	1996	20.60704575	8.582669962	5	9	626650.7051
1887	2	1	2014	9.909929894	4.722093181	8	7	401071.2833
3261	4	1	1978	11.7307112	3.661226633	8	4	535314.9532
3179	1	2	1999	16.96368154	5.407938324	6	1	397777.3129
2606	4	2	1962	23.91043041	7.201891255	1	4	379848.3335
4723	5	2	1950	10.22149399	4.49127712	8	5	793404.8227
3268	4	2	1983	17.81220382	9.394882054	8	0	457436.0598
